ID,Group,FixedCost
Court1,P,6000
Court2,P,6000
Court3,P,6000
Court4,P,6000
Elect1,s,6000
Elect2,P,10000
Fire1,P,6000
Fire2,P,6000
Fire4,P,6000
Fire6,P,6000
Fire7,P,6000
Fire8,P,6000
Fire9,P,6000
Fire10,P,6000
Fire11,P,6000
Fire12,P,6000
Fire13,P,6000
Fire14,P,6000
Fire16,P,6000
Fire18,P,6000
Fire21,P,6000
Fire22,P,6000
Fire23,P,6000
Fire24,P,6000
Fire26,P,6000
Fire27,P,6000
Fire29,P,6000
Fire30,P,6000
Fire32,P,6000
Fire33,P,6000
Fire34,P,6000
Fire35,P,6000
Fire36,P,6000
Fire37,P,6000
Fire38,P,6000
Fire39,P,6000
Library1,P,10000
Library2,P,10000
Library3,P,10000
Library4,P,10000
Library5,P,10000
Library6,P,10000
Library7,P,10000
Library8,P,10000
Library9,P,10000
Library10,P,10000
Library11,P,10000
Library12,P,10000
Library13,P,10000
Library14,P,10000
Police1,P,6000
Police2,P,6000
Police3,P,6000
Police4,P,6000
Police5,P,6000
Police6,P,6000
Police7,P,6000
CVS1,P,10000
CVS2,P,10000
CVS3,P,10000
CVS4,P,10000
CVS5,P,10000
CVS6,P,10000
CVS7,P,10000
Walgreens1,P,10000
Walgreens2,P,10000
Walgreens3,P,10000
Walgreens4,P,10000
Walgreens5,P,10000
Walgreens6,P,10000
Walgreens7,P,10000
Walgreens8,P,10000
Walgreens9,P,10000
Walgreens10,P,10000
Walgreens11,P,10000
Walgreens12,P,10000
Walgreens13,P,10000
Walgreens14,P,10000
Walgreens15,P,10000
Walgreens16,P,10000
Walgreens17,P,10000
Walgreens18,P,10000
Walgreens19,P,10000
Walgreens20,P,10000
Walgreens21,P,10000
Walgreens22,P,10000
Walgreens23,P,10000
Walgreens24,P,10000
Walgreens25,P,10000
Walgreens26,P,10000
Walgreens27,P,10000
Walgreens28,P,10000
Walgreens29,P,10000
